{"emotion": "happy", "scores": {"angry": 1.5758308791191666e-06, "disgust": 0.0008073692442849278, "fear": 0.0002868825977202505, "happy": 0.9566060900688171, "neutral": 0.0015263860113918781, "sad": 0.040655698627233505, "surprise": 0.00011606612679315731}, "model": "opencv_dnn:mobilefacenet_fer"}